2023-05-22T15:59:17.415Z,info,SignIN Attempt,unknown,Firefox 113.0 on Windows 10,::ffff:127.0.0.1
2023-05-22T16:00:35.387Z,info,SignIN Attempt,unknown,Firefox 113.0 on Windows 10,::ffff:127.0.0.1
2023-05-22T16:04:52.284Z,info,SignIN Attempt,unknown,Firefox 113.0 on Windows 10,::ffff:127.0.0.1
2023-05-22T16:08:49.198Z,info,SignUp attempt,unknown,Firefox 113.0 on Windows 10,::ffff:127.0.0.1
2023-05-22T16:09:18.318Z,info,SignUp attempt,unknown,Firefox 113.0 on Windows 10,::ffff:127.0.0.1
2023-05-22T16:09:22.021Z,info,SignUp attempt,unknown,Firefox 113.0 on Windows 10,::ffff:127.0.0.1
2023-05-22T16:12:11.753Z,info,SignUp attempt,unknown,Firefox 113.0 on Windows 10,::ffff:127.0.0.1
2023-05-22T16:12:28.249Z,info,SignUp attempt,unknown,Firefox 113.0 on Windows 10,::ffff:127.0.0.1
2023-05-22T16:12:31.367Z,info,SignUp attempt,unknown,Firefox 113.0 on Windows 10,::ffff:127.0.0.1
2023-05-22T16:18:09.554Z,info,SignUp attempt,unknown,Firefox 113.0 on Windows 10,::ffff:127.0.0.1
2023-05-22T16:18:47.733Z,info,SignUp attempt,unknown,Firefox 113.0 on Windows 10,::ffff:127.0.0.1
2023-05-22T16:19:17.017Z,info,SignUp attempt,unknown,Firefox 113.0 on Windows 10,::ffff:127.0.0.1
2023-05-22T16:21:12.462Z,info,SignUp attempt,unknown,Firefox 113.0 on Windows 10,::ffff:127.0.0.1
2023-05-22T16:23:00.948Z,info,SignUp attempt,unknown,Firefox 113.0 on Windows 10,::ffff:127.0.0.1
2023-05-22T16:26:06.870Z,info,SignUp attempt,unknown,Firefox 113.0 on Windows 10,::ffff:127.0.0.1
2023-05-22T16:27:44.075Z,info,SignUp attempt,unknown,Firefox 113.0 on Windows 10,::ffff:127.0.0.1
2023-05-22T16:29:17.972Z,info,SignUp attempt,unknown,Firefox 113.0 on Windows 10,::ffff:127.0.0.1
2023-05-22T16:30:12.913Z,info,SignUp attempt,unknown,Firefox 113.0 on Windows 10,::ffff:127.0.0.1
2023-05-22T16:30:22.865Z,info,SignUp attempt,unknown,Firefox 113.0 on Windows 10,::ffff:127.0.0.1
2023-05-22T16:31:33.486Z,info,SignUp attempt,unknown,Firefox 113.0 on Windows 10,::ffff:127.0.0.1
2023-05-22T16:37:32.954Z,info,SignUp attempt,unknown,Firefox 113.0 on Windows 10,::ffff:127.0.0.1
2023-05-22T16:37:38.120Z,info,SignUp attempt,unknown,Firefox 113.0 on Windows 10,::ffff:127.0.0.1
2023-05-22T16:37:45.953Z,info,SignUp attempt,unknown,Firefox 113.0 on Windows 10,::ffff:127.0.0.1
2023-05-22T16:38:15.933Z,info,SignUp attempt,unknown,Firefox 113.0 on Windows 10,::ffff:127.0.0.1
2023-05-22T16:39:13.445Z,info,SignUp attempt,unknown,Firefox 113.0 on Windows 10,::ffff:127.0.0.1
2023-05-22T16:39:56.257Z,info,SignUp attempt,unknown,Firefox 113.0 on Windows 10,::ffff:127.0.0.1
2023-05-22T16:40:31.921Z,info,SignUp attempt,unknown,Firefox 113.0 on Windows 10,::ffff:127.0.0.1
2023-05-22T16:41:00.520Z,info,SignIN Attempt,unknown,Firefox 113.0 on Windows 10,::ffff:127.0.0.1
2023-05-22T16:41:21.140Z,info,SignUp attempt,unknown,Firefox 113.0 on Windows 10,::ffff:127.0.0.1
2023-05-22T16:42:38.543Z,info,SignUp attempt,unknown,Firefox 113.0 on Windows 10,::ffff:127.0.0.1
2023-05-22T16:46:48.132Z,info,SignUp attempt,unknown,Firefox 113.0 on Windows 10,::ffff:127.0.0.1
2023-05-22T16:47:47.856Z,info,SignUp attempt,unknown,Firefox 113.0 on Windows 10,::ffff:127.0.0.1
2023-05-22T16:49:08.802Z,info,SignUp attempt,unknown,Firefox 113.0 on Windows 10,::ffff:127.0.0.1
2023-05-22T16:50:04.356Z,info,SignUp attempt,unknown,Firefox 113.0 on Windows 10,::ffff:127.0.0.1
2023-05-22T16:51:12.514Z,info,SignUp attempt,unknown,Firefox 113.0 on Windows 10,::ffff:127.0.0.1
2023-05-22T16:51:21.500Z,info,SignUp attempt,unknown,Firefox 113.0 on Windows 10,::ffff:127.0.0.1
2023-05-22T16:52:40.696Z,info,SignUp attempt,unknown,Firefox 113.0 on Windows 10,::ffff:127.0.0.1
2023-05-22T16:52:44.158Z,info,SignUp attempt,unknown,Firefox 113.0 on Windows 10,::ffff:127.0.0.1
2023-05-22T16:52:52.760Z,info,SignUp attempt,unknown,Firefox 113.0 on Windows 10,::ffff:127.0.0.1
2023-05-22T16:57:49.295Z,info,SignUp attempt,unknown,Firefox 113.0 on Windows 10,::ffff:127.0.0.1
2023-05-22T16:58:02.401Z,info,SignIN Attempt,unknown,Firefox 113.0 on Windows 10,::ffff:127.0.0.1
2023-05-22T16:58:40.216Z,info,SignIN Attempt,unknown,Chrome 113.0.0.0 on Windows 10,::1
2023-05-22T17:11:20.904Z,info,SignIN Attempt,unknown,Firefox 113.0 on Windows 10,::ffff:127.0.0.1
2023-05-22T17:15:27.045Z,info,SignIN Attempt,unknown,Firefox 113.0 on Windows 10,::ffff:127.0.0.1
2023-05-22T17:21:59.287Z,info,SignIN Attempt,unknown,Firefox 113.0 on Windows 10,::ffff:127.0.0.1
2023-05-22T17:22:48.918Z,info,SignIN Attempt,unknown,Chrome 113.0.0.0 on Windows 10,::1
2023-05-22T17:23:12.030Z,info,SignIN Attempt,unknown,Chrome 113.0.0.0 on Windows 10,::1
2023-05-22T17:24:33.374Z,info,SignIN Attempt,unknown,Firefox 113.0 on Windows 10,::ffff:127.0.0.1
2023-05-23T02:48:31.954Z,info,SignUp attempt,unknown,Firefox 113.0 on Windows 10,::ffff:127.0.0.1
2023-05-23T02:48:46.083Z,info,SignUp attempt,unknown,Firefox 113.0 on Windows 10,::ffff:127.0.0.1
2023-05-23T02:49:00.176Z,info,SignIN Attempt,unknown,Firefox 113.0 on Windows 10,::ffff:127.0.0.1
2023-05-23T03:02:58.345Z,info,SignIN Attempt,unknown,Firefox 113.0 on Windows 10,::ffff:127.0.0.1
2023-05-23T03:05:44.217Z,info,SignIN Attempt,unknown,Firefox 113.0 on Windows 10,::ffff:127.0.0.1
2023-05-23T12:37:24.554Z,info,SignIN Attempt,unknown,Chrome 113.0.0.0 on Windows 10,::1
2023-05-23T14:12:20.991Z,info,SignIN Attempt,unknown,Firefox 113.0 on Windows 10,::ffff:127.0.0.1
2023-05-23T14:12:39.869Z,info,SignIN Attempt,unknown,Chrome 113.0.0.0 on Windows 10,::1
2023-05-23T14:13:27.574Z,info,SignIN Attempt,unknown,Chrome 113.0.0.0 on Windows 10,::1
2023-05-23T14:18:32.280Z,info,SignIN Attempt,unknown,Firefox 113.0 on Windows 10,::ffff:127.0.0.1
2023-05-23T14:18:50.251Z,info,SignIN Attempt,unknown,Chrome 113.0.0.0 on Windows 10,::1
2023-05-23T14:19:33.536Z,info,SignIN Attempt,unknown,Firefox 113.0 on Windows 10,::ffff:127.0.0.1
2023-05-23T14:27:08.519Z,info,SignUp attempt,unknown,Firefox 113.0 on Windows 10,::ffff:127.0.0.1
2023-05-23T14:27:28.110Z,info,SignIN Attempt,unknown,Firefox 113.0 on Windows 10,::ffff:127.0.0.1
2023-05-23T14:27:51.294Z,info,SignIN Attempt,unknown,Firefox 113.0 on Windows 10,::ffff:127.0.0.1
2023-05-23T14:27:55.543Z,info,SignIN Attempt,unknown,Firefox 113.0 on Windows 10,::ffff:127.0.0.1
2023-05-23T14:27:59.291Z,info,SignIN Attempt,unknown,Firefox 113.0 on Windows 10,::ffff:127.0.0.1
2023-05-23T14:28:03.004Z,info,SignIN Attempt,unknown,Firefox 113.0 on Windows 10,::ffff:127.0.0.1
2023-05-23T14:40:36.379Z,info,SignUp attempt,unknown,Firefox 113.0 on Windows 10,::ffff:127.0.0.1
2023-05-23T14:40:44.909Z,info,SignIN Attempt,unknown,Firefox 113.0 on Windows 10,::ffff:127.0.0.1
2023-05-23T14:40:54.537Z,info,SignIN Attempt,unknown,Firefox 113.0 on Windows 10,::ffff:127.0.0.1
2023-05-23T14:40:57.199Z,info,SignIN Attempt,unknown,Firefox 113.0 on Windows 10,::ffff:127.0.0.1
2023-05-23T14:40:59.905Z,info,SignIN Attempt,unknown,Firefox 113.0 on Windows 10,::ffff:127.0.0.1
2023-05-23T14:41:02.587Z,info,SignIN Attempt,unknown,Firefox 113.0 on Windows 10,::ffff:127.0.0.1
2023-05-23T14:44:54.307Z,info,SignIN Attempt,unknown,Firefox 113.0 on Windows 10,::ffff:127.0.0.1
2023-05-23T15:02:44.603Z,info,SignIN Attempt,unknown,Firefox 113.0 on Windows 10,::ffff:127.0.0.1
2023-05-23T15:02:47.234Z,info,SignIN Attempt,unknown,Firefox 113.0 on Windows 10,::ffff:127.0.0.1
2023-05-23T15:02:49.085Z,info,SignIN Attempt,unknown,Firefox 113.0 on Windows 10,::ffff:127.0.0.1
2023-05-23T15:02:51.022Z,info,SignIN Attempt,unknown,Firefox 113.0 on Windows 10,::ffff:127.0.0.1
2023-05-23T15:02:52.427Z,info,SignIN Attempt,unknown,Firefox 113.0 on Windows 10,::ffff:127.0.0.1
2023-05-23T15:03:45.164Z,info,SignIN Attempt,unknown,Firefox 113.0 on Windows 10,::ffff:127.0.0.1
2023-05-23T15:04:59.715Z,info,SignIN Attempt,unknown,Firefox 113.0 on Windows 10,::ffff:127.0.0.1
2023-05-23T15:05:45.995Z,info,SignIN Attempt,unknown,Firefox 113.0 on Windows 10,::ffff:127.0.0.1
2023-05-23T15:06:18.696Z,info,SignIN Attempt,unknown,Firefox 113.0 on Windows 10,::ffff:127.0.0.1
2023-05-23T15:20:43.918Z,info,SignUp attempt,unknown,Firefox 113.0 on Windows 10,::ffff:127.0.0.1
2023-05-23T15:21:11.144Z,info,SignUp attempt,unknown,Firefox 113.0 on Windows 10,::ffff:127.0.0.1
2023-05-23T15:22:52.730Z,info,SignUp attempt,unknown,Firefox 113.0 on Windows 10,::ffff:127.0.0.1
2023-05-23T15:23:21.774Z,info,SignUp attempt,unknown,Firefox 113.0 on Windows 10,::ffff:127.0.0.1
2023-05-23T15:49:55.903Z,info,SignUp attempt,unknown,Firefox 113.0 on Windows 10,::ffff:127.0.0.1
2023-05-23T15:56:03.022Z,info,SignUp attempt,unknown,Firefox 113.0 on Windows 10,::ffff:127.0.0.1
2023-05-23T15:59:15.331Z,info,SignUp attempt,unknown,Firefox 113.0 on Windows 10,::ffff:127.0.0.1
2023-05-23T16:00:13.593Z,info,SignUp attempt,unknown,Firefox 113.0 on Windows 10,::ffff:127.0.0.1
2023-05-23T16:00:53.612Z,info,SignUp attempt,unknown,Firefox 113.0 on Windows 10,::ffff:127.0.0.1
2023-05-23T16:03:04.129Z,info,SignUp attempt,unknown,Firefox 113.0 on Windows 10,::ffff:127.0.0.1
2023-05-23T16:03:07.595Z,info,SignUp attempt,unknown,Firefox 113.0 on Windows 10,::ffff:127.0.0.1
2023-05-23T16:04:04.569Z,info,SignUp attempt,unknown,Firefox 113.0 on Windows 10,::ffff:127.0.0.1
2023-05-23T16:04:42.209Z,info,SignUp attempt,unknown,Firefox 113.0 on Windows 10,::ffff:127.0.0.1
2023-05-23T16:05:41.878Z,info,SignUp attempt,unknown,Firefox 113.0 on Windows 10,::ffff:127.0.0.1
2023-05-23T16:06:18.174Z,info,SignUp attempt,unknown,Firefox 113.0 on Windows 10,::ffff:127.0.0.1
2023-05-23T16:07:59.611Z,info,SignUp attempt,unknown,Firefox 113.0 on Windows 10,::ffff:127.0.0.1
2023-05-23T16:10:36.758Z,info,SignUp attempt,unknown,Firefox 113.0 on Windows 10,::ffff:127.0.0.1
2023-05-23T16:11:25.020Z,info,SignIN Attempt,unknown,Firefox 113.0 on Windows 10,::ffff:127.0.0.1
2023-05-23T16:22:41.602Z,info,SignUp attempt,unknown,Firefox 113.0 on Windows 10,::ffff:127.0.0.1
2023-05-23T16:23:01.430Z,info,SignIN Attempt,unknown,Firefox 113.0 on Windows 10,::ffff:127.0.0.1
2023-05-23T16:27:58.788Z,info,SignIN Attempt,unknown,Firefox 113.0 on Windows 10,::ffff:127.0.0.1
2023-05-23T16:31:36.541Z,info,SignIN Attempt,unknown,Firefox 113.0 on Windows 10,::ffff:127.0.0.1
2023-05-23T16:31:57.264Z,info,SignIN Attempt,unknown,Firefox 113.0 on Windows 10,::ffff:127.0.0.1
2023-05-23T16:33:50.565Z,info,SignIN Attempt,unknown,Firefox 113.0 on Windows 10,::ffff:127.0.0.1
2023-05-23T16:41:53.617Z,info,SignIN Attempt,unknown,Firefox 113.0 on Windows 10,::ffff:127.0.0.1
2023-05-23T16:42:34.082Z,info,SignIN Attempt,unknown,Firefox 113.0 on Windows 10,::ffff:127.0.0.1
2023-05-23T16:45:07.146Z,info,SignIN Attempt,unknown,Firefox 113.0 on Windows 10,::ffff:127.0.0.1
2023-05-23T16:46:20.505Z,info,SignUp attempt,unknown,Firefox 113.0 on Windows 10,::ffff:127.0.0.1
2023-05-23T16:46:33.134Z,info,SignIN Attempt,unknown,Firefox 113.0 on Windows 10,::ffff:127.0.0.1
2023-05-23T16:51:44.880Z,info,SignIN Attempt,unknown,Firefox 113.0 on Windows 10,::ffff:127.0.0.1
2023-05-23T16:51:56.467Z,info,SignIN Attempt,unknown,Firefox 113.0 on Windows 10,::ffff:127.0.0.1
2023-05-23T16:52:28.523Z,info,SignUp attempt,unknown,Firefox 113.0 on Windows 10,::ffff:127.0.0.1
2023-05-23T16:52:41.915Z,info,SignIN Attempt,unknown,Firefox 113.0 on Windows 10,::ffff:127.0.0.1
2023-05-23T16:55:39.769Z,info,SignUp attempt,unknown,Firefox 113.0 on Windows 10,::ffff:127.0.0.1
2023-05-23T16:55:46.780Z,info,SignIN Attempt,unknown,Firefox 113.0 on Windows 10,::ffff:127.0.0.1
2023-05-23T16:55:54.195Z,info,SignIN Attempt,unknown,Firefox 113.0 on Windows 10,::ffff:127.0.0.1
2023-05-23T16:59:00.652Z,info,SignUp attempt,unknown,Firefox 113.0 on Windows 10,::ffff:127.0.0.1
2023-05-23T16:59:05.929Z,info,SignIN Attempt,unknown,Firefox 113.0 on Windows 10,::ffff:127.0.0.1
2023-05-23T17:01:04.921Z,info,SignUp attempt,unknown,Firefox 113.0 on Windows 10,::ffff:127.0.0.1
2023-05-23T17:07:39.372Z,info,SignUp attempt,unknown,Firefox 113.0 on Windows 10,::ffff:127.0.0.1
2023-05-23T17:07:55.336Z,info,SignIN Attempt,unknown,Firefox 113.0 on Windows 10,::ffff:127.0.0.1
2023-05-23T17:09:14.468Z,info,SignIN Attempt,unknown,Firefox 113.0 on Windows 10,::ffff:127.0.0.1
2023-05-23T17:09:45.982Z,info,SignIN Attempt,unknown,Firefox 113.0 on Windows 10,::ffff:127.0.0.1
2023-05-23T17:12:00.085Z,info,SignUp attempt,unknown,Firefox 113.0 on Windows 10,::ffff:127.0.0.1
2023-05-23T17:14:16.979Z,info,SignUp attempt,unknown,Firefox 113.0 on Windows 10,::ffff:127.0.0.1
2023-05-23T17:14:22.460Z,info,SignUp attempt,unknown,Firefox 113.0 on Windows 10,::ffff:127.0.0.1
2023-05-23T17:17:08.393Z,info,SignUp attempt,unknown,Firefox 113.0 on Windows 10,::ffff:127.0.0.1
2023-05-23T17:18:20.398Z,info,SignUp attempt,unknown,Firefox 113.0 on Windows 10,::ffff:127.0.0.1
2023-05-23T17:24:01.340Z,info,SignUp attempt,unknown,Firefox 113.0 on Windows 10,::ffff:127.0.0.1
2023-05-23T17:27:37.471Z,info,SignUp attempt,unknown,Firefox 113.0 on Windows 10,::ffff:127.0.0.1
2023-05-23T17:30:16.669Z,info,SignUp attempt,unknown,Firefox 113.0 on Windows 10,::ffff:127.0.0.1
2023-05-23T17:30:20.856Z,info,SignUp attempt,unknown,Firefox 113.0 on Windows 10,::ffff:127.0.0.1
2023-05-23T17:30:47.488Z,info,SignUp attempt,unknown,Firefox 113.0 on Windows 10,::ffff:127.0.0.1
2023-05-23T17:33:11.736Z,info,SignUp attempt,unknown,Chrome 113.0.0.0 on Windows 10,::1
2023-05-23T17:33:40.212Z,info,SignUp attempt,unknown,Firefox 113.0 on Windows 10,::ffff:127.0.0.1
2023-05-23T17:35:11.073Z,info,SignUp attempt,unknown,Firefox 113.0 on Windows 10,::ffff:127.0.0.1
2023-05-23T17:35:33.307Z,info,SignUp attempt,unknown,Firefox 113.0 on Windows 10,::ffff:127.0.0.1
2023-05-23T17:35:44.638Z,info,SignUp attempt,unknown,Firefox 113.0 on Windows 10,::ffff:127.0.0.1
2023-05-23T17:36:56.880Z,info,SignUp attempt,unknown,Firefox 113.0 on Windows 10,::ffff:127.0.0.1
2023-05-23T17:40:00.102Z,info,SignUp attempt,unknown,Firefox 113.0 on Windows 10,::ffff:127.0.0.1
2023-05-24T01:19:35.176Z,info,SignIN Attempt,unknown,Firefox 113.0 on Windows 10,::ffff:127.0.0.1
2023-05-24T02:44:03.065Z,info,SignIN Attempt,unknown,Chrome 113.0.0.0 on Windows 10,::1
2023-05-24T02:44:49.425Z,info,SignIN Attempt,unknown,Chrome 113.0.0.0 on Windows 10,::1
2023-05-24T02:45:02.949Z,info,SignIN Attempt,unknown,Firefox 113.0 on Windows 10,::ffff:127.0.0.1
2023-05-24T02:47:19.087Z,info,SignIN Attempt,unknown,Chrome 113.0.0.0 on Windows 10,::1
2023-05-24T02:52:59.831Z,info,SignIN Attempt,unknown,Firefox 113.0 on Windows 10,::ffff:127.0.0.1
2023-05-25T01:41:53.008Z,info,SignIN Attempt,unknown,Firefox 113.0 on Windows 10,::ffff:127.0.0.1
2023-06-04T01:46:19.755Z,info,SignIN Attempt,unknown,Firefox 113.0 on Windows 10,::ffff:127.0.0.1
2023-06-04T01:51:11.370Z,info,SignIN Attempt,unknown,Firefox 113.0 on Windows 10,::ffff:127.0.0.1
2023-06-04T01:52:25.175Z,info,SignIN Attempt,unknown,Firefox 113.0 on Windows 10,::ffff:127.0.0.1
2023-06-04T01:54:38.393Z,info,SignIN Attempt,unknown,Firefox 113.0 on Windows 10,::ffff:127.0.0.1
2023-06-04T02:02:57.678Z,info,SignIN Attempt,unknown,Firefox 113.0 on Windows 10,::ffff:127.0.0.1
2023-06-04T02:03:33.459Z,info,SignIN Attempt,unknown,Firefox 113.0 on Windows 10,::ffff:127.0.0.1
2023-06-04T04:59:56.546Z,info,SignIN Attempt,unknown,Firefox 113.0 on Windows 10,::ffff:127.0.0.1
2023-06-04T05:04:35.380Z,info,SignIN Attempt,unknown,Firefox 113.0 on Windows 10,::ffff:127.0.0.1
2023-06-04T05:08:07.671Z,info,SignIN Attempt,unknown,Firefox 113.0 on Windows 10,::ffff:127.0.0.1
2023-06-04T05:10:21.165Z,info,SignIN Attempt,unknown,Firefox 113.0 on Windows 10,::ffff:127.0.0.1
2023-06-04T05:11:29.675Z,info,SignUp attempt,unknown,Firefox 113.0 on Windows 10,::ffff:127.0.0.1
2023-06-04T05:11:37.875Z,info,SignIN Attempt,unknown,Firefox 113.0 on Windows 10,::ffff:127.0.0.1
2023-06-04T05:13:19.104Z,info,SignIN Attempt,unknown,Firefox 113.0 on Windows 10,::ffff:127.0.0.1
2023-06-04T05:16:16.453Z,info,SignIN Attempt,unknown,Firefox 113.0 on Windows 10,::ffff:127.0.0.1
2023-06-04T05:17:44.876Z,info,SignIN Attempt,unknown,Firefox 113.0 on Windows 10,::ffff:127.0.0.1
2023-06-04T05:30:23.204Z,info,SignIN Attempt,unknown,Firefox 113.0 on Windows 10,::ffff:127.0.0.1
2023-06-04T05:31:24.804Z,info,SignIN Attempt,unknown,Firefox 113.0 on Windows 10,::ffff:127.0.0.1
2023-06-04T05:31:29.273Z,info,SignIN Attempt,unknown,Firefox 113.0 on Windows 10,::ffff:127.0.0.1
2023-06-04T05:31:30.419Z,info,SignIN Attempt,unknown,Firefox 113.0 on Windows 10,::ffff:127.0.0.1
2023-06-04T05:31:31.450Z,info,SignIN Attempt,unknown,Firefox 113.0 on Windows 10,::ffff:127.0.0.1
2023-06-04T05:31:33.489Z,info,SignIN Attempt,unknown,Firefox 113.0 on Windows 10,::ffff:127.0.0.1
2023-06-04T05:31:44.004Z,info,SignIN Attempt,unknown,Firefox 113.0 on Windows 10,::ffff:127.0.0.1
2023-06-04T05:33:18.872Z,info,SignIN Attempt,unknown,Firefox 113.0 on Windows 10,::ffff:127.0.0.1
2023-06-04T05:33:48.387Z,info,SignIN Attempt,unknown,Firefox 113.0 on Windows 10,::ffff:127.0.0.1
2023-06-04T05:35:39.824Z,info,SignIN Attempt,unknown,Firefox 113.0 on Windows 10,::ffff:127.0.0.1
2023-06-04T05:36:37.279Z,info,SignIN Attempt,unknown,Firefox 113.0 on Windows 10,::ffff:127.0.0.1
2023-06-04T05:37:27.350Z,info,SignIN Attempt,unknown,Firefox 113.0 on Windows 10,::ffff:127.0.0.1
2023-06-04T05:39:23.395Z,info,SignIN Attempt,unknown,Firefox 113.0 on Windows 10,::ffff:127.0.0.1
2023-06-04T05:42:44.104Z,info,SignIN Attempt,unknown,Firefox 113.0 on Windows 10,::ffff:127.0.0.1
2023-06-04T05:45:25.904Z,info,SignIN Attempt,unknown,Firefox 113.0 on Windows 10,::ffff:127.0.0.1
2023-06-04T05:46:34.838Z,info,SignIN Attempt,unknown,Firefox 113.0 on Windows 10,::ffff:127.0.0.1
2023-06-04T05:47:00.779Z,info,SignIN Attempt,unknown,Firefox 113.0 on Windows 10,::ffff:127.0.0.1
2023-06-04T05:48:04.589Z,info,SignIN Attempt,unknown,Firefox 113.0 on Windows 10,::ffff:127.0.0.1
2023-06-04T05:48:34.157Z,info,SignIN Attempt,unknown,Firefox 113.0 on Windows 10,::ffff:127.0.0.1
2023-06-04T05:56:47.191Z,info,SignIN Attempt,unknown,Firefox 113.0 on Windows 10,::ffff:127.0.0.1
2023-06-04T05:57:24.824Z,info,SignIN Attempt,unknown,Firefox 113.0 on Windows 10,::ffff:127.0.0.1
2023-06-04T05:57:42.968Z,info,SignIN Attempt,unknown,Firefox 113.0 on Windows 10,::ffff:127.0.0.1
2023-06-04T05:58:15.153Z,info,SignIN Attempt,unknown,Firefox 113.0 on Windows 10,::ffff:127.0.0.1
2023-06-04T06:01:59.198Z,info,SignIN Attempt,unknown,Firefox 113.0 on Windows 10,::ffff:127.0.0.1
2023-06-04T06:04:48.846Z,info,SignIN Attempt,unknown,Firefox 113.0 on Windows 10,::ffff:127.0.0.1
2023-08-09T05:30:35.829Z,info,SignIN Attempt,unknown,Safari 16.1 on Mac OS 10.15.7,::1
2023-08-09T05:30:36.017Z,info,SignIN Attempt,unknown,Safari 16.1 on Mac OS 10.15.7,::1
2023-08-09T05:30:38.054Z,info,SignIN Attempt,unknown,Safari 16.1 on Mac OS 10.15.7,::1
2023-08-09T05:30:39.126Z,info,SignIN Attempt,unknown,Safari 16.1 on Mac OS 10.15.7,::1
2023-08-09T05:30:39.765Z,info,SignIN Attempt,unknown,Safari 16.1 on Mac OS 10.15.7,::1
2023-08-11T16:54:24.749Z,info,SignUp attempt,unknown,Safari 16.1 on Mac OS 10.15.7,::1
2023-08-11T16:54:38.535Z,info,SignUp attempt,unknown,Safari 16.1 on Mac OS 10.15.7,::1
2023-08-11T16:55:18.966Z,info,SignIN Attempt,unknown,Safari 16.1 on Mac OS 10.15.7,::1
2023-08-11T16:56:02.259Z,info,SignUp attempt,unknown,Safari 16.1 on Mac OS 10.15.7,::1
2023-08-11T16:56:43.554Z,info,SignIN Attempt,unknown,Safari 16.1 on Mac OS 10.15.7,::1
